date,path_1,path_1_count,path_1_uniques,path_2,path_2_count,path_2_uniques,path_3,path_3_count,path_3_uniques,path_4,path_4_count,path_4_uniques,path_5,path_5_count,path_5_uniques,path_6,path_6_count,path_6_uniques,path_7,path_7_count,path_7_uniques,path_8,path_8_count,path_8_uniques,path_9,path_9_count,path_9_uniques,path_10,path_10_count,path_10_uniques
2026-03-19,/Chocapikk/LFIHunt,24,22,/Chocapikk/LFIHunt/blob/main/wordlists/big.txt,4,2,/Chocapikk/LFIHunt/blob/main/scanner.py,3,3,/Chocapikk/LFIHunt/blob/main/LFIHunt.py,3,2,/Chocapikk/LFIHunt/blob/main/core/DataChecker.py,3,2,/Chocapikk/LFIHunt/blob/main/core/EnvironChecker.py,3,2,/Chocapikk/LFIHunt/blob/main/wordlists/mini.txt,3,1,/Chocapikk/LFIHunt/blob/main/wordlists/pearcmd.txt,2,2,/Chocapikk/LFIHunt/tree/main/wordlists,2,2,/Chocapikk/LFIHunt/blob/main/core/LFIChecker.py,1,1
2026-03-19,/Chocapikk/LFIHunt,21,18,/Chocapikk/LFIHunt/blob/main/wordlists/big.txt,3,1,/Chocapikk/LFIHunt/blob/main/wordlists/mini.txt,3,1,/Chocapikk/LFIHunt/blob/main/scanner.py,2,2,/Chocapikk/LFIHunt/blob/main/LFIHunt.py,2,1,/Chocapikk/LFIHunt/blob/main/core/DataChecker.py,2,1,/Chocapikk/LFIHunt/blob/main/core/EnvironChecker.py,2,1,/Chocapikk/LFIHunt/blob/main/core/LFIChecker.py,1,1,/Chocapikk/LFIHunt/blob/main/core/PHPFilterChainGenerator.py,1,1,/Chocapikk/LFIHunt/blob/main/core/PHPFilterChecker.py,1,1
2026-03-20,/Chocapikk/LFIHunt,24,21,/Chocapikk/LFIHunt/blob/main/scanner.py,3,3,/Chocapikk/LFIHunt/blob/main/wordlists/big.txt,3,1,/Chocapikk/LFIHunt/blob/main/wordlists/mini.txt,3,1,/Chocapikk/LFIHunt/blob/main/core/PHPPearCmdChecker.py,2,2,/Chocapikk/LFIHunt/blob/main/LFIHunt.py,2,1,/Chocapikk/LFIHunt/blob/main/core/DataChecker.py,2,1,/Chocapikk/LFIHunt/blob/main/core/EnvironChecker.py,2,1,/Chocapikk/LFIHunt/blob/main/core/LFIChecker.py,1,1,/Chocapikk/LFIHunt/blob/main/core/PHPFilterChainGenerator.py,1,1
2026-03-21,/Chocapikk/LFIHunt,27,22,/Chocapikk/LFIHunt/blob/main/scanner.py,3,3,/Chocapikk/LFIHunt/blob/main/wordlists/big.txt,3,1,/Chocapikk/LFIHunt/blob/main/wordlists/mini.txt,3,1,/Chocapikk/LFIHunt/blob/main/core/PHPPearCmdChecker.py,2,2,/Chocapikk/LFIHunt/blob/main/LFIHunt.py,2,1,/Chocapikk/LFIHunt/blob/main/core/DataChecker.py,2,1,/Chocapikk/LFIHunt/blob/main/core/EnvironChecker.py,2,1,/Chocapikk/LFIHunt/blob/main/core/LFIChecker.py,1,1,/Chocapikk/LFIHunt/blob/main/core/PHPFilterChainGenerator.py,1,1
2026-03-22,/Chocapikk/LFIHunt,28,23,/Chocapikk/LFIHunt/blob/main/wordlists/big.txt,3,1,/Chocapikk/LFIHunt/blob/main/wordlists/mini.txt,3,1,/Chocapikk/LFIHunt/blob/main/core/PHPPearCmdChecker.py,2,2,/Chocapikk/LFIHunt/blob/main/scanner.py,2,2,/Chocapikk/LFIHunt/blob/main/LFIHunt.py,2,1,/Chocapikk/LFIHunt/blob/main/core/DataChecker.py,2,1,/Chocapikk/LFIHunt/blob/main/core/EnvironChecker.py,2,1,/Chocapikk/LFIHunt/blob/main/core/LFIChecker.py,1,1,/Chocapikk/LFIHunt/blob/main/core/PHPFilterChainGenerator.py,1,1
2026-03-23,/Chocapikk/LFIHunt,29,24,/Chocapikk/LFIHunt/blob/main/wordlists/big.txt,3,1,/Chocapikk/LFIHunt/blob/main/wordlists/mini.txt,3,1,/Chocapikk/LFIHunt/blob/main/core/PHPPearCmdChecker.py,2,2,/Chocapikk/LFIHunt/blob/main/scanner.py,2,2,/Chocapikk/LFIHunt/blob/main/LFIHunt.py,2,1,/Chocapikk/LFIHunt/blob/main/core/DataChecker.py,2,1,/Chocapikk/LFIHunt/blob/main/core/EnvironChecker.py,2,1,/Chocapikk/LFIHunt/blob/main/core/LFIChecker.py,1,1,/Chocapikk/LFIHunt/blob/main/core/PHPFilterChainGenerator.py,1,1
2026-03-24,/Chocapikk/LFIHunt,27,23,/Chocapikk/LFIHunt/blob/main/wordlists/big.txt,3,1,/Chocapikk/LFIHunt/blob/main/wordlists/mini.txt,3,1,/Chocapikk/LFIHunt/blob/main/core/PHPPearCmdChecker.py,2,2,/Chocapikk/LFIHunt/blob/main/scanner.py,2,2,/Chocapikk/LFIHunt/blob/main/LFIHunt.py,2,1,/Chocapikk/LFIHunt/blob/main/core/DataChecker.py,2,1,/Chocapikk/LFIHunt/blob/main/core/EnvironChecker.py,2,1,/Chocapikk/LFIHunt/blob/main/core/LFIChecker.py,1,1,/Chocapikk/LFIHunt/blob/main/core/PHPFilterChainGenerator.py,1,1
2026-03-25,/Chocapikk/LFIHunt,35,26,/Chocapikk/LFIHunt/blob/main/wordlists/big.txt,3,1,/Chocapikk/LFIHunt/blob/main/wordlists/mini.txt,3,1,/Chocapikk/LFIHunt/blob/main/core/LFIChecker.py,2,2,/Chocapikk/LFIHunt/blob/main/core/PHPPearCmdChecker.py,2,2,/Chocapikk/LFIHunt/blob/main/scanner.py,2,2,/Chocapikk/LFIHunt/tree/main/core,2,2,/Chocapikk/LFIHunt/blob/main/LFIHunt.py,2,1,/Chocapikk/LFIHunt/blob/main/core/DataChecker.py,2,1,/Chocapikk/LFIHunt/blob/main/core/EnvironChecker.py,2,1
2026-03-26,/Chocapikk/LFIHunt,41,29,/Chocapikk/LFIHunt/blob/main/LFIHunt.py,5,3,/Chocapikk/LFIHunt/blob/main/scanner.py,5,3,/Chocapikk/LFIHunt/tree/main/core,4,3,/Chocapikk/LFIHunt/blob/main/wordlists/big.txt,4,2,/Chocapikk/LFIHunt/blob/main/core/LFIChecker.py,3,2,/Chocapikk/LFIHunt/blob/main/wordlists/generator/wordlist.txt,3,2,/Chocapikk/LFIHunt/blob/main/wordlists/mini.txt,3,1,/Chocapikk/LFIHunt/blob/main/core/PHPFilterChecker.py,2,2,/Chocapikk/LFIHunt/blob/main/core/PHPPearCmdChecker.py,2,2
2026-03-27,/Chocapikk/LFIHunt,39,28,/Chocapikk/LFIHunt/tree/main/core,4,3,/Chocapikk/LFIHunt/blob/main/scanner.py,4,2,/Chocapikk/LFIHunt/blob/main/LFIHunt.py,3,2,/Chocapikk/LFIHunt/blob/main/core/LFIChecker.py,2,1,/Chocapikk/LFIHunt/blob/main/wordlists/generator/wordlist.txt,2,1,/Chocapikk/LFIHunt/blob/main/core/PHPFilterChecker.py,1,1,/Chocapikk/LFIHunt/blob/main/core/PHPPearCmdChecker.py,1,1,/Chocapikk/LFIHunt/blob/main/wordlists/big.txt,1,1,/Chocapikk/LFIHunt/commit/df72444396062a1ac3cdb4889b56ab37db659dd1,1,1
2026-03-28,/Chocapikk/LFIHunt,38,27,/Chocapikk/LFIHunt/blob/main/scanner.py,5,3,/Chocapikk/LFIHunt/blob/main/LFIHunt.py,4,3,/Chocapikk/LFIHunt/tree/main/core,4,3,/Chocapikk/LFIHunt/blob/main/wordlists/generator/wordlist.txt,3,2,/Chocapikk/LFIHunt/blob/main/wordlists/big.txt,2,2,/Chocapikk/LFIHunt/tree/main,2,2,/Chocapikk/LFIHunt/tree/main/wordlists,2,2,/Chocapikk/LFIHunt/tree/main/wordlists/generator,2,2,/Chocapikk/LFIHunt/blob/main/core/LFIChecker.py,2,1
2026-03-29,/Chocapikk/LFIHunt,44,33,/Chocapikk/LFIHunt/blob/main/scanner.py,5,3,/Chocapikk/LFIHunt/blob/main/LFIHunt.py,4,3,/Chocapikk/LFIHunt/tree/main/core,4,3,/Chocapikk/LFIHunt/blob/main/wordlists/generator/wordlist.txt,3,2,/Chocapikk/LFIHunt/blob/main/wordlists/big.txt,2,2,/Chocapikk/LFIHunt/tree/main,2,2,/Chocapikk/LFIHunt/tree/main/wordlists,2,2,/Chocapikk/LFIHunt/tree/main/wordlists/generator,2,2,/Chocapikk/LFIHunt/blob/main/core/LFIChecker.py,2,1
2026-03-30,/Chocapikk/LFIHunt,43,33,/Chocapikk/LFIHunt/blob/main/scanner.py,5,3,/Chocapikk/LFIHunt/blob/main/LFIHunt.py,4,3,/Chocapikk/LFIHunt/tree/main/core,4,3,/Chocapikk/LFIHunt/blob/main/wordlists/generator/wordlist.txt,3,2,/Chocapikk/LFIHunt/blob/main/wordlists/big.txt,2,2,/Chocapikk/LFIHunt/tree/main,2,2,/Chocapikk/LFIHunt/tree/main/wordlists,2,2,/Chocapikk/LFIHunt/tree/main/wordlists/generator,2,2,/Chocapikk/LFIHunt/blob/main/core/LFIChecker.py,2,1
2026-03-31,/Chocapikk/LFIHunt,45,35,/Chocapikk/LFIHunt/blob/main/scanner.py,5,3,/Chocapikk/LFIHunt/blob/main/LFIHunt.py,4,3,/Chocapikk/LFIHunt/tree/main/core,4,3,/Chocapikk/LFIHunt/blob/main/wordlists/generator/wordlist.txt,3,2,/Chocapikk/LFIHunt/blob/main/wordlists/big.txt,2,2,/Chocapikk/LFIHunt/tree/main,2,2,/Chocapikk/LFIHunt/tree/main/wordlists,2,2,/Chocapikk/LFIHunt/tree/main/wordlists/generator,2,2,/Chocapikk/LFIHunt/blob/main/core/LFIChecker.py,2,1
2026-04-01,/Chocapikk/LFIHunt,47,36,/Chocapikk/LFIHunt/blob/main/scanner.py,5,3,/Chocapikk/LFIHunt/blob/main/LFIHunt.py,4,3,/Chocapikk/LFIHunt/tree/main/core,4,3,/Chocapikk/LFIHunt/blob/main/wordlists/generator/wordlist.txt,3,2,/Chocapikk/LFIHunt/blob/main/wordlists/big.txt,2,2,/Chocapikk/LFIHunt/tree/main,2,2,/Chocapikk/LFIHunt/tree/main/wordlists,2,2,/Chocapikk/LFIHunt/tree/main/wordlists/generator,2,2,/Chocapikk/LFIHunt/blob/main/core/LFIChecker.py,2,1
2026-04-02,/Chocapikk/LFIHunt,48,38,/Chocapikk/LFIHunt/blob/main/scanner.py,6,4,/Chocapikk/LFIHunt/blob/main/LFIHunt.py,4,3,/Chocapikk/LFIHunt/tree/main/core,4,3,/Chocapikk/LFIHunt/blob/main/wordlists/generator/wordlist.txt,3,2,/Chocapikk/LFIHunt/blob/main/wordlists/big.txt,2,2,/Chocapikk/LFIHunt/tree/main,2,2,/Chocapikk/LFIHunt/tree/main/wordlists,2,2,/Chocapikk/LFIHunt/tree/main/wordlists/generator,2,2,/Chocapikk/LFIHunt/blob/main/core/LFIChecker.py,2,1
2026-04-03,/Chocapikk/LFIHunt,44,35,/Chocapikk/LFIHunt/blob/main/scanner.py,5,3,/Chocapikk/LFIHunt/blob/main/LFIHunt.py,4,3,/Chocapikk/LFIHunt/blob/main/wordlists/generator/wordlist.txt,3,2,/Chocapikk/LFIHunt/tree/main/core,3,2,/Chocapikk/LFIHunt/blob/main/wordlists/big.txt,2,2,/Chocapikk/LFIHunt/tree/main/wordlists,2,2,/Chocapikk/LFIHunt/tree/main/wordlists/generator,2,2,/Chocapikk/LFIHunt/blob/main/core/LFIChecker.py,2,1,/Chocapikk/LFIHunt/blob/main/core/PHPFilterChecker.py,1,1
2026-04-04,/Chocapikk/LFIHunt,44,35,/Chocapikk/LFIHunt/blob/main/scanner.py,6,4,/Chocapikk/LFIHunt/blob/main/LFIHunt.py,4,3,/Chocapikk/LFIHunt/tree/main/core,4,3,/Chocapikk/LFIHunt/tree/main/wordlists,3,3,/Chocapikk/LFIHunt/tree/main/wordlists/generator,3,3,/Chocapikk/LFIHunt/blob/main/wordlists/generator/wordlist.txt,3,2,/Chocapikk/LFIHunt/blob/main/wordlists/big.txt,2,2,/Chocapikk/LFIHunt/tree/main,2,2,/Chocapikk/LFIHunt/blob/main/core/LFIChecker.py,2,1
2026-04-05,/Chocapikk/LFIHunt,43,34,/Chocapikk/LFIHunt/blob/main/scanner.py,6,4,/Chocapikk/LFIHunt/blob/main/LFIHunt.py,4,3,/Chocapikk/LFIHunt/tree/main/core,4,3,/Chocapikk/LFIHunt/tree/main/wordlists,3,3,/Chocapikk/LFIHunt/tree/main/wordlists/generator,3,3,/Chocapikk/LFIHunt/blob/main/wordlists/generator/wordlist.txt,3,2,/Chocapikk/LFIHunt/blob/main/wordlists/big.txt,2,2,/Chocapikk/LFIHunt/tree/main,2,2,/Chocapikk/LFIHunt/blob/main/core/LFIChecker.py,2,1
2026-04-06,/Chocapikk/LFIHunt,42,33,/Chocapikk/LFIHunt/blob/main/scanner.py,6,4,/Chocapikk/LFIHunt/blob/main/LFIHunt.py,4,3,/Chocapikk/LFIHunt/tree/main/core,4,3,/Chocapikk/LFIHunt/tree/main/wordlists,3,3,/Chocapikk/LFIHunt/tree/main/wordlists/generator,3,3,/Chocapikk/LFIHunt/blob/main/wordlists/generator/wordlist.txt,3,2,/Chocapikk/LFIHunt/blob/main/wordlists/big.txt,2,2,/Chocapikk/LFIHunt/tree/main,2,2,/Chocapikk/LFIHunt/blob/main/core/LFIChecker.py,2,1
2026-04-07,/Chocapikk/LFIHunt,40,31,/Chocapikk/LFIHunt/blob/main/scanner.py,6,4,/Chocapikk/LFIHunt/blob/main/LFIHunt.py,5,4,/Chocapikk/LFIHunt/tree/main/core,4,3,/Chocapikk/LFIHunt/tree/main/wordlists,3,3,/Chocapikk/LFIHunt/tree/main/wordlists/generator,3,3,/Chocapikk/LFIHunt/blob/main/wordlists/generator/wordlist.txt,3,2,/Chocapikk/LFIHunt/blob/main/wordlists/big.txt,2,2,/Chocapikk/LFIHunt/tree/main,2,2,/Chocapikk/LFIHunt/blob/main/core/LFIChecker.py,2,1
2026-04-08,/Chocapikk/LFIHunt,35,32,/Chocapikk/LFIHunt/blob/main/scanner.py,6,4,/Chocapikk/LFIHunt/blob/main/LFIHunt.py,5,4,/Chocapikk/LFIHunt/tree/main/core,3,3,/Chocapikk/LFIHunt/tree/main/wordlists,3,3,/Chocapikk/LFIHunt/tree/main/wordlists/generator,3,3,/Chocapikk/LFIHunt/blob/main/wordlists/generator/wordlist.txt,3,2,/Chocapikk/LFIHunt/blob/main/wordlists/big.txt,2,2,/Chocapikk/LFIHunt/tree/main,2,2,/Chocapikk/LFIHunt/blob/main/core/LFIChecker.py,1,1
2026-04-09,/Chocapikk/LFIHunt,28,27,/Chocapikk/LFIHunt/blob/main/scanner.py,3,3,/Chocapikk/LFIHunt/blob/main/LFIHunt.py,2,2,/Chocapikk/LFIHunt/tree/main,2,2,/Chocapikk/LFIHunt/tree/main/wordlists,2,2,/Chocapikk/LFIHunt/tree/main/wordlists/generator,2,2,/Chocapikk/LFIHunt/blob/main/core/base.py,1,1,/Chocapikk/LFIHunt/blob/main/wordlists/big.txt,1,1,/Chocapikk/LFIHunt/blob/main/wordlists/generator/pearcmd.py,1,1,/Chocapikk/LFIHunt/blob/main/wordlists/generator/wordlist.txt,1,1
2026-04-10,/Chocapikk/LFIHunt,30,29,/Chocapikk/LFIHunt/blob/main/scanner.py,4,4,/Chocapikk/LFIHunt/blob/main/LFIHunt.py,3,3,/Chocapikk/LFIHunt/tree/main/wordlists,3,3,/Chocapikk/LFIHunt/tree/main/wordlists/generator,3,3,/Chocapikk/LFIHunt/blob/main/wordlists/big.txt,2,2,/Chocapikk/LFIHunt/blob/main/wordlists/generator/wordlist.txt,2,2,/Chocapikk/LFIHunt/tree/main,2,2,/Chocapikk/LFIHunt/tree/main/core,2,2,/Chocapikk/LFIHunt/blob/main/core/base.py,1,1
2026-04-11,/Chocapikk/LFIHunt,30,29,/Chocapikk/LFIHunt/blob/main/scanner.py,4,4,/Chocapikk/LFIHunt/blob/main/LFIHunt.py,3,3,/Chocapikk/LFIHunt/tree/main/core,3,3,/Chocapikk/LFIHunt/tree/main/wordlists,3,3,/Chocapikk/LFIHunt/tree/main/wordlists/generator,3,3,/Chocapikk/LFIHunt/blob/main/wordlists/big.txt,2,2,/Chocapikk/LFIHunt/blob/main/wordlists/generator/wordlist.txt,2,2,/Chocapikk/LFIHunt/blob/main/core/base.py,1,1,/Chocapikk/LFIHunt/blob/main/wordlists/mini.txt,1,1
2026-04-12,/Chocapikk/LFIHunt,26,25,/Chocapikk/LFIHunt/blob/main/scanner.py,4,4,/Chocapikk/LFIHunt/blob/main/LFIHunt.py,3,3,/Chocapikk/LFIHunt/tree/main/core,3,3,/Chocapikk/LFIHunt/tree/main/wordlists,3,3,/Chocapikk/LFIHunt/tree/main/wordlists/generator,3,3,/Chocapikk/LFIHunt/blob/main/wordlists/big.txt,2,2,/Chocapikk/LFIHunt/blob/main/wordlists/generator/wordlist.txt,2,2,/Chocapikk/LFIHunt/blob/main/core/base.py,1,1,/Chocapikk/LFIHunt/blob/main/wordlists/mini.txt,1,1
2026-04-13,/Chocapikk/LFIHunt,24,23,/Chocapikk/LFIHunt/blob/main/scanner.py,4,4,/Chocapikk/LFIHunt/blob/main/LFIHunt.py,3,3,/Chocapikk/LFIHunt/tree/main/core,3,3,/Chocapikk/LFIHunt/tree/main/wordlists,3,3,/Chocapikk/LFIHunt/tree/main/wordlists/generator,3,3,/Chocapikk/LFIHunt/blob/main/wordlists/big.txt,2,2,/Chocapikk/LFIHunt/blob/main/wordlists/generator/wordlist.txt,2,2,/Chocapikk/LFIHunt/blob/main/core/base.py,1,1,/Chocapikk/LFIHunt/blob/main/wordlists/mini.txt,1,1
2026-04-14,/Chocapikk/LFIHunt,22,21,/Chocapikk/LFIHunt/blob/main/scanner.py,4,4,/Chocapikk/LFIHunt/blob/main/LFIHunt.py,3,3,/Chocapikk/LFIHunt/tree/main/core,3,3,/Chocapikk/LFIHunt/tree/main/wordlists,3,3,/Chocapikk/LFIHunt/tree/main/wordlists/generator,3,3,/Chocapikk/LFIHunt/blob/main/wordlists/big.txt,2,2,/Chocapikk/LFIHunt/blob/main/wordlists/generator/wordlist.txt,2,2,/Chocapikk/LFIHunt/blob/main/core/base.py,1,1,/Chocapikk/LFIHunt/blob/main/wordlists/mini.txt,1,1
2026-04-15,/Chocapikk/LFIHunt,21,20,/Chocapikk/LFIHunt/blob/main/scanner.py,4,4,/Chocapikk/LFIHunt/blob/main/LFIHunt.py,3,3,/Chocapikk/LFIHunt/tree/main/core,3,3,/Chocapikk/LFIHunt/tree/main/wordlists,3,3,/Chocapikk/LFIHunt/tree/main/wordlists/generator,3,3,/Chocapikk/LFIHunt/blob/main/wordlists/big.txt,2,2,/Chocapikk/LFIHunt/blob/main/wordlists/generator/wordlist.txt,2,2,/Chocapikk/LFIHunt/blob/main/core/base.py,1,1,/Chocapikk/LFIHunt/blob/main/wordlists/mini.txt,1,1
2026-04-16,/Chocapikk/LFIHunt,20,18,/Chocapikk/LFIHunt/tree/main/wordlists,5,4,/Chocapikk/LFIHunt/tree/main/wordlists/generator,4,4,/Chocapikk/LFIHunt/blob/main/scanner.py,4,3,/Chocapikk/LFIHunt/blob/main/LFIHunt.py,3,3,/Chocapikk/LFIHunt/tree/main/core,3,3,/Chocapikk/LFIHunt/blob/main/wordlists/big.txt,2,2,/Chocapikk/LFIHunt/blob/main/wordlists/generator/wordlist.txt,2,2,/Chocapikk/LFIHunt/blob/main/wordlists/mini.txt,2,2,/Chocapikk/LFIHunt/commits,2,1
2026-04-17,/Chocapikk/LFIHunt,20,18,/Chocapikk/LFIHunt/tree/main/wordlists,5,4,/Chocapikk/LFIHunt/tree/main/wordlists/generator,4,4,/Chocapikk/LFIHunt/blob/main/scanner.py,4,3,/Chocapikk/LFIHunt/blob/main/LFIHunt.py,3,3,/Chocapikk/LFIHunt/tree/main/core,3,3,/Chocapikk/LFIHunt/blob/main/wordlists/big.txt,2,2,/Chocapikk/LFIHunt/blob/main/wordlists/generator/wordlist.txt,2,2,/Chocapikk/LFIHunt/blob/main/wordlists/mini.txt,2,2,/Chocapikk/LFIHunt/commits,2,1
2026-04-18,/Chocapikk/LFIHunt,17,15,/Chocapikk/LFIHunt/tree/main/wordlists,4,3,/Chocapikk/LFIHunt/blob/main/LFIHunt.py,3,3,/Chocapikk/LFIHunt/blob/main/scanner.py,3,3,/Chocapikk/LFIHunt/tree/main/wordlists/generator,3,3,/Chocapikk/LFIHunt/blob/main/wordlists/big.txt,2,2,/Chocapikk/LFIHunt/blob/main/wordlists/generator/wordlist.txt,2,2,/Chocapikk/LFIHunt/blob/main/wordlists/mini.txt,2,2,/Chocapikk/LFIHunt/tree/main/core,2,2,/Chocapikk/LFIHunt/commits,2,1
2026-04-19,/Chocapikk/LFIHunt,15,13,/Chocapikk/LFIHunt/tree/main/wordlists,4,3,/Chocapikk/LFIHunt/blob/main/LFIHunt.py,3,3,/Chocapikk/LFIHunt/blob/main/scanner.py,3,3,/Chocapikk/LFIHunt/tree/main/wordlists/generator,3,3,/Chocapikk/LFIHunt/blob/main/wordlists/big.txt,2,2,/Chocapikk/LFIHunt/blob/main/wordlists/generator/wordlist.txt,2,2,/Chocapikk/LFIHunt/blob/main/wordlists/mini.txt,2,2,/Chocapikk/LFIHunt/tree/main/core,2,2,/Chocapikk/LFIHunt/commits,2,1
2026-04-20,/Chocapikk/LFIHunt,15,13,/Chocapikk/LFIHunt/tree/main/wordlists,4,3,/Chocapikk/LFIHunt/blob/main/LFIHunt.py,3,3,/Chocapikk/LFIHunt/blob/main/scanner.py,3,3,/Chocapikk/LFIHunt/tree/main/wordlists/generator,3,3,/Chocapikk/LFIHunt/blob/main/wordlists/big.txt,2,2,/Chocapikk/LFIHunt/blob/main/wordlists/generator/wordlist.txt,2,2,/Chocapikk/LFIHunt/blob/main/wordlists/mini.txt,2,2,/Chocapikk/LFIHunt/tree/main/core,2,2,/Chocapikk/LFIHunt/commits,2,1
2026-04-21,/Chocapikk/LFIHunt,17,15,/Chocapikk/LFIHunt/blob/main/scanner.py,5,4,/Chocapikk/LFIHunt/tree/main/wordlists,4,3,/Chocapikk/LFIHunt/blob/main/LFIHunt.py,3,3,/Chocapikk/LFIHunt/tree/main/wordlists/generator,3,3,/Chocapikk/LFIHunt/blob/main/wordlists/big.txt,2,2,/Chocapikk/LFIHunt/blob/main/wordlists/generator/wordlist.txt,2,2,/Chocapikk/LFIHunt/blob/main/wordlists/mini.txt,2,2,/Chocapikk/LFIHunt/tree/main/core,2,2,/Chocapikk/LFIHunt/commits,2,1
2026-04-22,/Chocapikk/LFIHunt,13,11,/Chocapikk/LFIHunt/blob/main/scanner.py,5,4,/Chocapikk/LFIHunt/tree/main/wordlists,4,3,/Chocapikk/LFIHunt/blob/main/LFIHunt.py,3,3,/Chocapikk/LFIHunt/tree/main/wordlists/generator,3,3,/Chocapikk/LFIHunt/blob/main/wordlists/big.txt,2,2,/Chocapikk/LFIHunt/blob/main/wordlists/generator/wordlist.txt,2,2,/Chocapikk/LFIHunt/blob/main/wordlists/mini.txt,2,2,/Chocapikk/LFIHunt/tree/main/core,2,2,/Chocapikk/LFIHunt/commits,2,1
2026-04-23,/Chocapikk/LFIHunt,15,12,/Chocapikk/LFIHunt/blob/main/scanner.py,5,4,/Chocapikk/LFIHunt/tree/main/wordlists,5,4,/Chocapikk/LFIHunt/blob/main/LFIHunt.py,3,3,/Chocapikk/LFIHunt/tree/main/wordlists/generator,3,3,/Chocapikk/LFIHunt/blob/main/wordlists/big.txt,2,2,/Chocapikk/LFIHunt/blob/main/wordlists/generator/wordlist.txt,2,2,/Chocapikk/LFIHunt/blob/main/wordlists/mini.txt,2,2,/Chocapikk/LFIHunt/blob/main/wordlists/pearcmd.txt,2,2,/Chocapikk/LFIHunt/tree/main/core,2,2
2026-04-24,/Chocapikk/LFIHunt,13,10,/Chocapikk/LFIHunt/blob/main/scanner.py,4,3,/Chocapikk/LFIHunt/tree/main/wordlists,4,3,/Chocapikk/LFIHunt/blob/main/LFIHunt.py,2,2,/Chocapikk/LFIHunt/blob/main/wordlists/mini.txt,2,2,/Chocapikk/LFIHunt/blob/main/wordlists/pearcmd.txt,2,2,/Chocapikk/LFIHunt/tree/main/wordlists/generator,2,2,/Chocapikk/LFIHunt/commits,2,1,/Chocapikk/LFIHunt/blob/main/wordlists/big.txt,1,1,/Chocapikk/LFIHunt/blob/main/wordlists/generator/wordlist.txt,1,1
2026-04-25,/Chocapikk/LFIHunt,12,9,/Chocapikk/LFIHunt/blob/main/scanner.py,3,2,/Chocapikk/LFIHunt/tree/main/wordlists,3,2,/Chocapikk/LFIHunt/commits,2,1,/Chocapikk/LFIHunt/blob/main/LFIHunt.py,1,1,/Chocapikk/LFIHunt/blob/main/wordlists/mini.txt,1,1,/Chocapikk/LFIHunt/blob/main/wordlists/pearcmd.txt,1,1,/Chocapikk/LFIHunt/tree/main/wordlists/generator,1,1,,,,,,
2026-04-26,/Chocapikk/LFIHunt,12,9,/Chocapikk/LFIHunt/blob/main/scanner.py,3,2,/Chocapikk/LFIHunt/tree/main/wordlists,3,2,/Chocapikk/LFIHunt/commits,2,1,/Chocapikk/LFIHunt/blob/main/LFIHunt.py,1,1,/Chocapikk/LFIHunt/blob/main/wordlists/mini.txt,1,1,/Chocapikk/LFIHunt/blob/main/wordlists/pearcmd.txt,1,1,/Chocapikk/LFIHunt/tree/main/wordlists/generator,1,1,,,,,,
2026-04-27,/Chocapikk/LFIHunt,16,11,/Chocapikk/LFIHunt/tree/main/wordlists,8,4,/Chocapikk/LFIHunt/blob/main/wordlists/mini.txt,4,3,/Chocapikk/LFIHunt/tree/main/wordlists/generator,4,3,/Chocapikk/LFIHunt/blob/main/wordlists/pearcmd.txt,3,3,/Chocapikk/LFIHunt/blob/main/scanner.py,3,2,/Chocapikk/LFIHunt/blob/main/wordlists/big.txt,3,2,/Chocapikk/LFIHunt/commits,2,1,/Chocapikk/LFIHunt/blob/main/LFIHunt.py,1,1,/Chocapikk/LFIHunt/blob/main/wordlists/generator/wordlist.txt,1,1
2026-04-28,/Chocapikk/LFIHunt,18,12,/Chocapikk/LFIHunt/tree/main/wordlists,8,4,/Chocapikk/LFIHunt/blob/main/wordlists/mini.txt,4,3,/Chocapikk/LFIHunt/tree/main/wordlists/generator,4,3,/Chocapikk/LFIHunt/blob/main/wordlists/pearcmd.txt,3,3,/Chocapikk/LFIHunt/blob/main/scanner.py,3,2,/Chocapikk/LFIHunt/blob/main/wordlists/big.txt,3,2,/Chocapikk/LFIHunt/commits,2,1,/Chocapikk/LFIHunt/blob/main/LFIHunt.py,1,1,/Chocapikk/LFIHunt/blob/main/wordlists/generator/wordlist.txt,1,1
2026-04-29,/Chocapikk/LFIHunt,18,12,/Chocapikk/LFIHunt/tree/main/wordlists,8,4,/Chocapikk/LFIHunt/blob/main/wordlists/mini.txt,4,3,/Chocapikk/LFIHunt/tree/main/wordlists/generator,4,3,/Chocapikk/LFIHunt/blob/main/wordlists/pearcmd.txt,3,3,/Chocapikk/LFIHunt/blob/main/scanner.py,3,2,/Chocapikk/LFIHunt/blob/main/wordlists/big.txt,3,2,/Chocapikk/LFIHunt/commits,2,1,/Chocapikk/LFIHunt/blob/main/LFIHunt.py,1,1,/Chocapikk/LFIHunt/blob/main/wordlists/generator/wordlist.txt,1,1
2026-04-30,/Chocapikk/LFIHunt,20,12,/Chocapikk/LFIHunt/tree/main/wordlists,6,3,/Chocapikk/LFIHunt/blob/main/wordlists/pearcmd.txt,3,3,/Chocapikk/LFIHunt/blob/main/wordlists/big.txt,3,2,/Chocapikk/LFIHunt/blob/main/wordlists/mini.txt,3,2,/Chocapikk/LFIHunt/tree/main/wordlists/generator,3,2,/Chocapikk/LFIHunt/blob/main/scanner.py,2,2,/Chocapikk/LFIHunt/blob/main/LFIHunt.py,1,1,/Chocapikk/LFIHunt/blob/main/wordlists/generator/wordlist.txt,1,1,/Chocapikk/LFIHunt/tree/main,1,1
2026-05-01,/Chocapikk/LFIHunt,20,12,/Chocapikk/LFIHunt/tree/main/wordlists,6,3,/Chocapikk/LFIHunt/blob/main/wordlists/pearcmd.txt,3,3,/Chocapikk/LFIHunt/blob/main/wordlists/big.txt,3,2,/Chocapikk/LFIHunt/blob/main/wordlists/mini.txt,3,2,/Chocapikk/LFIHunt/tree/main/wordlists/generator,3,2,/Chocapikk/LFIHunt/blob/main/scanner.py,2,2,/Chocapikk/LFIHunt/blob/main/LFIHunt.py,1,1,/Chocapikk/LFIHunt/blob/main/wordlists/generator/wordlist.txt,1,1,/Chocapikk/LFIHunt/tree/main,1,1
2026-05-02,/Chocapikk/LFIHunt,26,14,/Chocapikk/LFIHunt/tree/main/wordlists,6,3,/Chocapikk/LFIHunt/blob/main/wordlists/pearcmd.txt,3,3,/Chocapikk/LFIHunt/blob/main/wordlists/big.txt,3,2,/Chocapikk/LFIHunt/blob/main/wordlists/mini.txt,3,2,/Chocapikk/LFIHunt/tree/main/wordlists/generator,3,2,/Chocapikk/LFIHunt/blob/main/scanner.py,2,2,/Chocapikk/LFIHunt/blob/main/LFIHunt.py,1,1,/Chocapikk/LFIHunt/blob/main/wordlists/generator/wordlist.txt,1,1,/Chocapikk/LFIHunt/tree/main,1,1
2026-05-03,/Chocapikk/LFIHunt,29,15,/Chocapikk/LFIHunt/tree/main/wordlists,6,3,/Chocapikk/LFIHunt/blob/main/scanner.py,3,3,/Chocapikk/LFIHunt/blob/main/wordlists/pearcmd.txt,3,3,/Chocapikk/LFIHunt/blob/main/wordlists/big.txt,3,2,/Chocapikk/LFIHunt/blob/main/wordlists/mini.txt,3,2,/Chocapikk/LFIHunt/tree/main/wordlists/generator,3,2,/Chocapikk/LFIHunt/blob/main/LFIHunt.py,1,1,/Chocapikk/LFIHunt/blob/main/wordlists/generator/wordlist.txt,1,1,/Chocapikk/LFIHunt/commits,1,1
2026-05-04,/Chocapikk/LFIHunt,36,18,/Chocapikk/LFIHunt/tree/main/wordlists,6,3,/Chocapikk/LFIHunt/blob/main/scanner.py,3,3,/Chocapikk/LFIHunt/blob/main/wordlists/pearcmd.txt,3,3,/Chocapikk/LFIHunt/blob/main/wordlists/big.txt,3,2,/Chocapikk/LFIHunt/blob/main/wordlists/mini.txt,3,2,/Chocapikk/LFIHunt/tree/main/wordlists/generator,3,2,/Chocapikk/LFIHunt/blob/main/LFIHunt.py,1,1,/Chocapikk/LFIHunt/blob/main/wordlists/generator/wordlist.txt,1,1,/Chocapikk/LFIHunt/commits,1,1
2026-05-05,/Chocapikk/LFIHunt,36,19,/Chocapikk/LFIHunt/tree/main/wordlists,6,3,/Chocapikk/LFIHunt/blob/main/wordlists/pearcmd.txt,3,3,/Chocapikk/LFIHunt/blob/main/wordlists/big.txt,3,2,/Chocapikk/LFIHunt/blob/main/wordlists/mini.txt,3,2,/Chocapikk/LFIHunt/tree/main/wordlists/generator,3,2,/Chocapikk/LFIHunt/blob/main/scanner.py,1,1,/Chocapikk/LFIHunt/blob/main/wordlists/generator/wordlist.txt,1,1,/Chocapikk/LFIHunt/commits,1,1,/Chocapikk/LFIHunt/tree/main,1,1
2026-05-06,/Chocapikk/LFIHunt,38,20,/Chocapikk/LFIHunt/tree/main/wordlists,7,3,/Chocapikk/LFIHunt/blob/main/wordlists/pearcmd.txt,3,3,/Chocapikk/LFIHunt/blob/main/wordlists/big.txt,3,2,/Chocapikk/LFIHunt/blob/main/wordlists/mini.txt,3,2,/Chocapikk/LFIHunt/tree/main/wordlists/generator,3,2,/Chocapikk/LFIHunt/blob/main/scanner.py,1,1,/Chocapikk/LFIHunt/blob/main/wordlists/generator/wordlist.txt,1,1,/Chocapikk/LFIHunt/commits,1,1,/Chocapikk/LFIHunt/tree/main,1,1
2026-05-07,/Chocapikk/LFIHunt,36,19,/Chocapikk/LFIHunt/tree/main/wordlists,8,4,/Chocapikk/LFIHunt/blob/main/wordlists/big.txt,5,4,/Chocapikk/LFIHunt/blob/main/wordlists/pearcmd.txt,3,3,/Chocapikk/LFIHunt/blob/main/wordlists/mini.txt,3,2,/Chocapikk/LFIHunt/tree/main/wordlists/generator,3,2,/Chocapikk/LFIHunt/blob/main/scanner.py,2,2,/Chocapikk/LFIHunt/tree/main,2,2,/Chocapikk/LFIHunt/blob/main/LFIHunt.py,1,1,/Chocapikk/LFIHunt/blob/main/wordlists/generator/wordlist.txt,1,1
2026-05-08,/Chocapikk/LFIHunt,37,20,/Chocapikk/LFIHunt/tree/main/wordlists,8,4,/Chocapikk/LFIHunt/blob/main/wordlists/big.txt,5,4,/Chocapikk/LFIHunt/blob/main/wordlists/pearcmd.txt,3,3,/Chocapikk/LFIHunt/blob/main/wordlists/mini.txt,3,2,/Chocapikk/LFIHunt/tree/main/wordlists/generator,3,2,/Chocapikk/LFIHunt/blob/main/scanner.py,2,2,/Chocapikk/LFIHunt/tree/main,2,2,/Chocapikk/LFIHunt/blob/main/LFIHunt.py,1,1,/Chocapikk/LFIHunt/blob/main/wordlists/generator/wordlist.txt,1,1
2026-05-09,/Chocapikk/LFIHunt,38,21,/Chocapikk/LFIHunt/tree/main/wordlists,8,4,/Chocapikk/LFIHunt/blob/main/wordlists/big.txt,5,4,/Chocapikk/LFIHunt/blob/main/wordlists/pearcmd.txt,3,3,/Chocapikk/LFIHunt/blob/main/wordlists/mini.txt,3,2,/Chocapikk/LFIHunt/tree/main/wordlists/generator,3,2,/Chocapikk/LFIHunt/blob/main/scanner.py,2,2,/Chocapikk/LFIHunt/tree/main,2,2,/Chocapikk/LFIHunt/blob/main/LFIHunt.py,1,1,/Chocapikk/LFIHunt/blob/main/core/PHPFilterChainGenerator.py,1,1
2026-05-10,/Chocapikk/LFIHunt,37,20,/Chocapikk/LFIHunt/tree/main/wordlists,7,4,/Chocapikk/LFIHunt/blob/main/wordlists/big.txt,4,3,/Chocapikk/LFIHunt/blob/main/scanner.py,2,2,/Chocapikk/LFIHunt/blob/main/wordlists/pearcmd.txt,2,2,/Chocapikk/LFIHunt/tree/main,2,2,/Chocapikk/LFIHunt/blob/main/wordlists/mini.txt,2,1,/Chocapikk/LFIHunt/tree/main/wordlists/generator,2,1,/Chocapikk/LFIHunt/blob/main/LFIHunt.py,1,1,/Chocapikk/LFIHunt/blob/main/core/PHPFilterChainGenerator.py,1,1
2026-05-11,/Chocapikk/LFIHunt,33,19,/Chocapikk/LFIHunt/tree/main/wordlists,3,3,/Chocapikk/LFIHunt/blob/main/scanner.py,2,2,/Chocapikk/LFIHunt/blob/main/wordlists/big.txt,2,2,/Chocapikk/LFIHunt/blob/main/LFIHunt.py,1,1,/Chocapikk/LFIHunt/blob/main/core/PHPFilterChainGenerator.py,1,1,/Chocapikk/LFIHunt/blob/main/wordlists/pearcmd.txt,1,1,/Chocapikk/LFIHunt/commits,1,1,/Chocapikk/LFIHunt/tree/main,1,1,/Chocapikk/LFIHunt/tree/main/core,1,1
2026-05-12,/Chocapikk/LFIHunt,30,17,/Chocapikk/LFIHunt/tree/main/wordlists,3,3,/Chocapikk/LFIHunt/blob/main/scanner.py,2,2,/Chocapikk/LFIHunt/blob/main/wordlists/big.txt,2,2,/Chocapikk/LFIHunt/blob/main/LFIHunt.py,1,1,/Chocapikk/LFIHunt/blob/main/core/PHPFilterChainGenerator.py,1,1,/Chocapikk/LFIHunt/blob/main/wordlists/pearcmd.txt,1,1,/Chocapikk/LFIHunt/commits,1,1,/Chocapikk/LFIHunt/tree/main,1,1,/Chocapikk/LFIHunt/tree/main/core,1,1
2026-05-13,/Chocapikk/LFIHunt,29,18,/Chocapikk/LFIHunt/tree/main/wordlists,3,3,/Chocapikk/LFIHunt/blob/main/scanner.py,2,2,/Chocapikk/LFIHunt/blob/main/wordlists/big.txt,2,2,/Chocapikk/LFIHunt/blob/main/LFIHunt.py,1,1,/Chocapikk/LFIHunt/blob/main/core/PHPFilterChainGenerator.py,1,1,/Chocapikk/LFIHunt/blob/main/wordlists/pearcmd.txt,1,1,/Chocapikk/LFIHunt/commits,1,1,/Chocapikk/LFIHunt/tree/main,1,1,/Chocapikk/LFIHunt/tree/main/core,1,1
2026-05-14,/Chocapikk/LFIHunt,28,18,/Chocapikk/LFIHunt/tree/main/wordlists,3,3,/Chocapikk/LFIHunt/blob/main/scanner.py,2,2,/Chocapikk/LFIHunt/blob/main/wordlists/big.txt,2,2,/Chocapikk/LFIHunt/blob/main/LFIHunt.py,1,1,/Chocapikk/LFIHunt/blob/main/core/PHPFilterChainGenerator.py,1,1,/Chocapikk/LFIHunt/blob/main/wordlists/pearcmd.txt,1,1,/Chocapikk/LFIHunt/commits,1,1,/Chocapikk/LFIHunt/tree/main,1,1,/Chocapikk/LFIHunt/tree/main/core,1,1
2026-05-15,/Chocapikk/LFIHunt,28,18,/Chocapikk/LFIHunt/tree/main/wordlists,3,3,/Chocapikk/LFIHunt/blob/main/scanner.py,2,2,/Chocapikk/LFIHunt/blob/main/wordlists/big.txt,2,2,/Chocapikk/LFIHunt/blob/main/LFIHunt.py,1,1,/Chocapikk/LFIHunt/blob/main/core/PHPFilterChainGenerator.py,1,1,/Chocapikk/LFIHunt/blob/main/wordlists/pearcmd.txt,1,1,/Chocapikk/LFIHunt/commits,1,1,/Chocapikk/LFIHunt/tree/main,1,1,/Chocapikk/LFIHunt/tree/main/core,1,1
2026-05-16,/Chocapikk/LFIHunt,22,16,/Chocapikk/LFIHunt/tree/main/wordlists,3,3,/Chocapikk/LFIHunt/blob/main/scanner.py,2,2,/Chocapikk/LFIHunt/blob/main/wordlists/big.txt,2,2,/Chocapikk/LFIHunt/blob/main/LFIHunt.py,1,1,/Chocapikk/LFIHunt/blob/main/core/PHPFilterChainGenerator.py,1,1,/Chocapikk/LFIHunt/blob/main/wordlists/pearcmd.txt,1,1,/Chocapikk/LFIHunt/commits,1,1,/Chocapikk/LFIHunt/tree/main,1,1,/Chocapikk/LFIHunt/tree/main/core,1,1
2026-05-17,/Chocapikk/LFIHunt,19,15,/Chocapikk/LFIHunt/tree/main/wordlists,3,3,/Chocapikk/LFIHunt/blob/main/wordlists/big.txt,2,2,/Chocapikk/LFIHunt/blob/main/LFIHunt.py,1,1,/Chocapikk/LFIHunt/blob/main/core/PHPFilterChainGenerator.py,1,1,/Chocapikk/LFIHunt/blob/main/scanner.py,1,1,/Chocapikk/LFIHunt/blob/main/wordlists/pearcmd.txt,1,1,/Chocapikk/LFIHunt/tree/main,1,1,/Chocapikk/LFIHunt/tree/main/core,1,1,,,
2026-05-18,/Chocapikk/LFIHunt,12,12,/Chocapikk/LFIHunt/tree/main/wordlists,3,3,/Chocapikk/LFIHunt/blob/main/wordlists/big.txt,2,2,/Chocapikk/LFIHunt/blob/main/LFIHunt.py,1,1,/Chocapikk/LFIHunt/blob/main/core/PHPFilterChainGenerator.py,1,1,/Chocapikk/LFIHunt/blob/main/scanner.py,1,1,/Chocapikk/LFIHunt/blob/main/wordlists/pearcmd.txt,1,1,/Chocapikk/LFIHunt/tree/main,1,1,/Chocapikk/LFIHunt/tree/main/core,1,1,,,
2026-05-19,/Chocapikk/LFIHunt,10,10,/Chocapikk/LFIHunt/tree/main/wordlists,3,3,/Chocapikk/LFIHunt/blob/main/wordlists/big.txt,2,2,/Chocapikk/LFIHunt/blob/main/LFIHunt.py,1,1,/Chocapikk/LFIHunt/blob/main/core/PHPFilterChainGenerator.py,1,1,/Chocapikk/LFIHunt/blob/main/scanner.py,1,1,/Chocapikk/LFIHunt/blob/main/wordlists/pearcmd.txt,1,1,/Chocapikk/LFIHunt/tree/main,1,1,/Chocapikk/LFIHunt/tree/main/core,1,1,,,
2026-05-20,/Chocapikk/LFIHunt,8,8,/Chocapikk/LFIHunt/blob/main/wordlists/big.txt,2,2,/Chocapikk/LFIHunt/tree/main/wordlists,2,2,/Chocapikk/LFIHunt/blob/main/LFIHunt.py,1,1,/Chocapikk/LFIHunt/blob/main/core/PHPFilterChainGenerator.py,1,1,/Chocapikk/LFIHunt/blob/main/scanner.py,1,1,/Chocapikk/LFIHunt/blob/main/wordlists/pearcmd.txt,1,1,/Chocapikk/LFIHunt/tree/main,1,1,/Chocapikk/LFIHunt/tree/main/core,1,1,,,
2026-05-21,/Chocapikk/LFIHunt,7,7,/Chocapikk/LFIHunt/blob/main/core/PHPFilterChainGenerator.py,1,1,/Chocapikk/LFIHunt/tree/main/core,1,1,,,,,,,,,,,,,,,,,,,,,
2026-05-22,/Chocapikk/LFIHunt,6,6,/Chocapikk/LFIHunt/blob/main/core/PHPFilterChainGenerator.py,1,1,/Chocapikk/LFIHunt/tree/main/core,1,1,,,,,,,,,,,,,,,,,,,,,
2026-05-23,/Chocapikk/LFIHunt,5,5,,,,,,,,,,,,,,,,,,,,,,,,,,,
2026-05-24,/Chocapikk/LFIHunt,5,5,,,,,,,,,,,,,,,,,,,,,,,,,,,
2026-05-25,/Chocapikk/LFIHunt,5,5,,,,,,,,,,,,,,,,,,,,,,,,,,,
2026-05-26,/Chocapikk/LFIHunt,6,6,,,,,,,,,,,,,,,,,,,,,,,,,,,
2026-05-27,/Chocapikk/LFIHunt,5,5,,,,,,,,,,,,,,,,,,,,,,,,,,,
2026-05-28,/Chocapikk/LFIHunt,4,4,,,,,,,,,,,,,,,,,,,,,,,,,,,
2026-05-29,/Chocapikk/LFIHunt,4,4,,,,,,,,,,,,,,,,,,,,,,,,,,,
2026-05-30,/Chocapikk/LFIHunt,4,4,,,,,,,,,,,,,,,,,,,,,,,,,,,
2026-05-31,/Chocapikk/LFIHunt,4,4,,,,,,,,,,,,,,,,,,,,,,,,,,,
2026-06-01,/Chocapikk/LFIHunt,5,5,,,,,,,,,,,,,,,,,,,,,,,,,,,
2026-06-03,/Chocapikk/LFIHunt,5,5,,,,,,,,,,,,,,,,,,,,,,,,,,,
2026-06-04,/Chocapikk/LFIHunt,5,5,,,,,,,,,,,,,,,,,,,,,,,,,,,
2026-06-04,/Chocapikk/LFIHunt,6,6,/Chocapikk/LFIHunt/blob/main/LFIHunt.py,1,1,/Chocapikk/LFIHunt/blob/main/scanner.py,1,1,,,,,,,,,,,,,,,,,,,,,
2026-06-05,/Chocapikk/LFIHunt,7,7,/Chocapikk/LFIHunt/blob/main/LFIHunt.py,1,1,/Chocapikk/LFIHunt/blob/main/scanner.py,1,1,,,,,,,,,,,,,,,,,,,,,
2026-06-06,/Chocapikk/LFIHunt,9,9,/Chocapikk/LFIHunt/blob/main/LFIHunt.py,2,2,/Chocapikk/LFIHunt/blob/main/scanner.py,1,1,,,,,,,,,,,,,,,,,,,,,
2026-06-07,/Chocapikk/LFIHunt,12,12,/Chocapikk/LFIHunt/blob/main/LFIHunt.py,3,3,/Chocapikk/LFIHunt/blob/main/scanner.py,2,2,/Chocapikk/LFIHunt/blob/main/core/DataChecker.py,1,1,/Chocapikk/LFIHunt/blob/main/core/LFIChecker.py,1,1,/Chocapikk/LFIHunt/blob/main/core/PHPFilterChainGenerator.py,1,1,/Chocapikk/LFIHunt/blob/main/core/__init__.py,1,1,/Chocapikk/LFIHunt/blob/main/core/base.py,1,1,/Chocapikk/LFIHunt/blob/main/requirements.txt,1,1,/Chocapikk/LFIHunt/blob/main/wordlists/big.txt,1,1
2026-06-08,/Chocapikk/LFIHunt,17,16,/Chocapikk/LFIHunt/blob/main/LFIHunt.py,3,3,/Chocapikk/LFIHunt/blob/main/scanner.py,2,2,/Chocapikk/LFIHunt/blob/main/core/DataChecker.py,1,1,/Chocapikk/LFIHunt/blob/main/core/LFIChecker.py,1,1,/Chocapikk/LFIHunt/blob/main/core/PHPFilterChainGenerator.py,1,1,/Chocapikk/LFIHunt/blob/main/core/__init__.py,1,1,/Chocapikk/LFIHunt/blob/main/core/base.py,1,1,/Chocapikk/LFIHunt/blob/main/requirements.txt,1,1,/Chocapikk/LFIHunt/blob/main/wordlists/big.txt,1,1
2026-06-09,/Chocapikk/LFIHunt,17,16,/Chocapikk/LFIHunt/blob/main/LFIHunt.py,3,3,/Chocapikk/LFIHunt/blob/main/scanner.py,2,2,/Chocapikk/LFIHunt/blob/main/core/DataChecker.py,1,1,/Chocapikk/LFIHunt/blob/main/core/LFIChecker.py,1,1,/Chocapikk/LFIHunt/blob/main/core/PHPFilterChainGenerator.py,1,1,/Chocapikk/LFIHunt/blob/main/core/__init__.py,1,1,/Chocapikk/LFIHunt/blob/main/core/base.py,1,1,/Chocapikk/LFIHunt/blob/main/requirements.txt,1,1,/Chocapikk/LFIHunt/blob/main/wordlists/big.txt,1,1
2026-06-10,/Chocapikk/LFIHunt,20,19,/Chocapikk/LFIHunt/blob/main/LFIHunt.py,3,3,/Chocapikk/LFIHunt/blob/main/scanner.py,2,2,/Chocapikk/LFIHunt/blob/main/core/DataChecker.py,1,1,/Chocapikk/LFIHunt/blob/main/core/LFIChecker.py,1,1,/Chocapikk/LFIHunt/blob/main/core/PHPFilterChainGenerator.py,1,1,/Chocapikk/LFIHunt/blob/main/core/__init__.py,1,1,/Chocapikk/LFIHunt/blob/main/core/base.py,1,1,/Chocapikk/LFIHunt/blob/main/requirements.txt,1,1,/Chocapikk/LFIHunt/blob/main/wordlists/big.txt,1,1
2026-06-12,/Chocapikk/LFIHunt,22,19,/Chocapikk/LFIHunt/blob/main/LFIHunt.py,3,3,/Chocapikk/LFIHunt/blob/main/scanner.py,2,2,/Chocapikk/LFIHunt/tree/main/wordlists,2,2,/Chocapikk/LFIHunt/blob/main/core/DataChecker.py,1,1,/Chocapikk/LFIHunt/blob/main/core/LFIChecker.py,1,1,/Chocapikk/LFIHunt/blob/main/core/PHPFilterChainGenerator.py,1,1,/Chocapikk/LFIHunt/blob/main/core/__init__.py,1,1,/Chocapikk/LFIHunt/blob/main/core/base.py,1,1,/Chocapikk/LFIHunt/blob/main/requirements.txt,1,1
2026-06-13,/Chocapikk/LFIHunt,22,19,/Chocapikk/LFIHunt/blob/main/LFIHunt.py,3,3,/Chocapikk/LFIHunt/blob/main/scanner.py,2,2,/Chocapikk/LFIHunt/tree/main/wordlists,2,2,/Chocapikk/LFIHunt/blob/main/core/DataChecker.py,1,1,/Chocapikk/LFIHunt/blob/main/core/LFIChecker.py,1,1,/Chocapikk/LFIHunt/blob/main/core/PHPFilterChainGenerator.py,1,1,/Chocapikk/LFIHunt/blob/main/core/__init__.py,1,1,/Chocapikk/LFIHunt/blob/main/core/base.py,1,1,/Chocapikk/LFIHunt/blob/main/requirements.txt,1,1
2026-06-13,/Chocapikk/LFIHunt,31,24,/Chocapikk/LFIHunt/blob/main/LFIHunt.py,3,3,/Chocapikk/LFIHunt/blob/main/requirements.txt,2,2,/Chocapikk/LFIHunt/blob/main/scanner.py,2,2,/Chocapikk/LFIHunt/tree/main,2,2,/Chocapikk/LFIHunt/tree/main/wordlists,2,2,/Chocapikk/LFIHunt/blob/main/core/DataChecker.py,1,1,/Chocapikk/LFIHunt/blob/main/core/LFIChecker.py,1,1,/Chocapikk/LFIHunt/blob/main/core/PHPFilterChainGenerator.py,1,1,/Chocapikk/LFIHunt/blob/main/core/__init__.py,1,1
2026-06-14,/Chocapikk/LFIHunt,35,28,/Chocapikk/LFIHunt/blob/main/LFIHunt.py,3,3,/Chocapikk/LFIHunt/blob/main/requirements.txt,2,2,/Chocapikk/LFIHunt/blob/main/scanner.py,2,2,/Chocapikk/LFIHunt/tree/main,2,2,/Chocapikk/LFIHunt/tree/main/wordlists,2,2,/Chocapikk/LFIHunt/blob/main/core/DataChecker.py,1,1,/Chocapikk/LFIHunt/blob/main/core/LFIChecker.py,1,1,/Chocapikk/LFIHunt/blob/main/core/PHPFilterChainGenerator.py,1,1,/Chocapikk/LFIHunt/blob/main/core/__init__.py,1,1
2026-06-16,/Chocapikk/LFIHunt,37,30,/Chocapikk/LFIHunt/blob/main/LFIHunt.py,3,3,/Chocapikk/LFIHunt/blob/main/requirements.txt,2,2,/Chocapikk/LFIHunt/blob/main/scanner.py,2,2,/Chocapikk/LFIHunt/tree/main,2,2,/Chocapikk/LFIHunt/tree/main/wordlists,2,2,/Chocapikk/LFIHunt/blob/main/core/DataChecker.py,1,1,/Chocapikk/LFIHunt/blob/main/core/LFIChecker.py,1,1,/Chocapikk/LFIHunt/blob/main/core/PHPFilterChainGenerator.py,1,1,/Chocapikk/LFIHunt/blob/main/core/__init__.py,1,1
2026-06-16,/Chocapikk/LFIHunt,39,32,/Chocapikk/LFIHunt/blob/main/LFIHunt.py,3,3,/Chocapikk/LFIHunt/blob/main/requirements.txt,2,2,/Chocapikk/LFIHunt/blob/main/scanner.py,2,2,/Chocapikk/LFIHunt/tree/main,2,2,/Chocapikk/LFIHunt/tree/main/wordlists,2,2,/Chocapikk/LFIHunt/blob/main/core/DataChecker.py,1,1,/Chocapikk/LFIHunt/blob/main/core/LFIChecker.py,1,1,/Chocapikk/LFIHunt/blob/main/core/PHPFilterChainGenerator.py,1,1,/Chocapikk/LFIHunt/blob/main/core/__init__.py,1,1
2026-06-17,/Chocapikk/LFIHunt,40,33,/Chocapikk/LFIHunt/blob/main/LFIHunt.py,3,3,/Chocapikk/LFIHunt/tree/main/wordlists,3,3,/Chocapikk/LFIHunt/blob/main/requirements.txt,2,2,/Chocapikk/LFIHunt/blob/main/scanner.py,2,2,/Chocapikk/LFIHunt/tree/main,2,2,/Chocapikk/LFIHunt/blob/main/core/DataChecker.py,1,1,/Chocapikk/LFIHunt/blob/main/core/LFIChecker.py,1,1,/Chocapikk/LFIHunt/blob/main/core/PHPFilterChainGenerator.py,1,1,/Chocapikk/LFIHunt/blob/main/core/__init__.py,1,1
2026-06-19,/Chocapikk/LFIHunt,40,33,/Chocapikk/LFIHunt/tree/main/wordlists,3,3,/Chocapikk/LFIHunt/blob/main/LFIHunt.py,2,2,/Chocapikk/LFIHunt/blob/main/requirements.txt,2,2,/Chocapikk/LFIHunt/tree/main,2,2,/Chocapikk/LFIHunt/blob/main/core/DataChecker.py,1,1,/Chocapikk/LFIHunt/blob/main/core/LFIChecker.py,1,1,/Chocapikk/LFIHunt/blob/main/core/PHPFilterChainGenerator.py,1,1,/Chocapikk/LFIHunt/blob/main/core/__init__.py,1,1,/Chocapikk/LFIHunt/blob/main/core/base.py,1,1
2026-06-19,/Chocapikk/LFIHunt,41,34,/Chocapikk/LFIHunt/tree/main/wordlists,4,4,/Chocapikk/LFIHunt/blob/main/LFIHunt.py,3,3,/Chocapikk/LFIHunt/blob/main/requirements.txt,2,2,/Chocapikk/LFIHunt/blob/main/wordlists/big.txt,2,2,/Chocapikk/LFIHunt/tree/main,2,2,/Chocapikk/LFIHunt/blob/main/core/DataChecker.py,1,1,/Chocapikk/LFIHunt/blob/main/core/EnvironChecker.py,1,1,/Chocapikk/LFIHunt/blob/main/core/LFIChecker.py,1,1,/Chocapikk/LFIHunt/blob/main/core/PHPFilterChainGenerator.py,1,1
2026-06-20,/Chocapikk/LFIHunt,40,33,/Chocapikk/LFIHunt/tree/main/wordlists,5,5,/Chocapikk/LFIHunt/blob/main/LFIHunt.py,3,3,/Chocapikk/LFIHunt/blob/main/wordlists/big.txt,3,3,/Chocapikk/LFIHunt/blob/main/requirements.txt,2,2,/Chocapikk/LFIHunt/tree/main,2,2,/Chocapikk/LFIHunt/blob/main/core/DataChecker.py,1,1,/Chocapikk/LFIHunt/blob/main/core/EnvironChecker.py,1,1,/Chocapikk/LFIHunt/blob/main/core/LFIChecker.py,1,1,/Chocapikk/LFIHunt/blob/main/core/PHPFilterChainGenerator.py,1,1
2026-06-21,/Chocapikk/LFIHunt,40,32,/Chocapikk/LFIHunt/tree/main/wordlists,7,7,/Chocapikk/LFIHunt/blob/main/LFIHunt.py,3,3,/Chocapikk/LFIHunt/blob/main/wordlists/big.txt,3,3,/Chocapikk/LFIHunt/tree/main,3,3,/Chocapikk/LFIHunt/blob/main/requirements.txt,2,2,/Chocapikk/LFIHunt/blob/main/wordlists/generator/wordlist.txt,2,2,/Chocapikk/LFIHunt/tree/main/core,2,2,/Chocapikk/LFIHunt/tree/main/wordlists/generator,2,2,/Chocapikk/LFIHunt/blob/main/core/EnvironChecker.py,1,1
2026-06-22,/Chocapikk/LFIHunt,37,30,/Chocapikk/LFIHunt/tree/main/wordlists,7,7,/Chocapikk/LFIHunt/blob/main/LFIHunt.py,3,3,/Chocapikk/LFIHunt/blob/main/wordlists/big.txt,3,3,/Chocapikk/LFIHunt/tree/main,3,3,/Chocapikk/LFIHunt/blob/main/requirements.txt,2,2,/Chocapikk/LFIHunt/blob/main/wordlists/generator/wordlist.txt,2,2,/Chocapikk/LFIHunt/tree/main/core,2,2,/Chocapikk/LFIHunt/tree/main/wordlists/generator,2,2,/Chocapikk/LFIHunt/blob/main/core/EnvironChecker.py,1,1
2026-06-23,/Chocapikk/LFIHunt,36,29,/Chocapikk/LFIHunt/tree/main/wordlists,7,7,/Chocapikk/LFIHunt/blob/main/wordlists/big.txt,4,4,/Chocapikk/LFIHunt/blob/main/LFIHunt.py,3,3,/Chocapikk/LFIHunt/tree/main/wordlists/generator,3,3,/Chocapikk/LFIHunt/blob/main/requirements.txt,2,2,/Chocapikk/LFIHunt/blob/main/wordlists/generator/wordlist.txt,2,2,/Chocapikk/LFIHunt/tree/main,2,2,/Chocapikk/LFIHunt/tree/main/core,2,2,/Chocapikk/LFIHunt/blob/main/core/EnvironChecker.py,1,1
2026-06-24,/Chocapikk/LFIHunt,35,29,/Chocapikk/LFIHunt/tree/main/wordlists,6,6,/Chocapikk/LFIHunt/blob/main/wordlists/big.txt,4,4,/Chocapikk/LFIHunt/blob/main/LFIHunt.py,3,3,/Chocapikk/LFIHunt/tree/main/wordlists/generator,3,3,/Chocapikk/LFIHunt/blob/main/requirements.txt,2,2,/Chocapikk/LFIHunt/blob/main/wordlists/generator/wordlist.txt,2,2,/Chocapikk/LFIHunt/tree/main,2,2,/Chocapikk/LFIHunt/tree/main/core,2,2,/Chocapikk/LFIHunt/blob/main/core/EnvironChecker.py,1,1
2026-06-25,/Chocapikk/LFIHunt,34,30,/Chocapikk/LFIHunt/tree/main/wordlists,6,6,/Chocapikk/LFIHunt/blob/main/wordlists/big.txt,4,4,/Chocapikk/LFIHunt/blob/main/LFIHunt.py,3,3,/Chocapikk/LFIHunt/tree/main/wordlists/generator,3,3,/Chocapikk/LFIHunt/blob/main/requirements.txt,2,2,/Chocapikk/LFIHunt/blob/main/wordlists/generator/wordlist.txt,2,2,/Chocapikk/LFIHunt/tree/main,2,2,/Chocapikk/LFIHunt/tree/main/core,2,2,/Chocapikk/LFIHunt/blob/main/core/EnvironChecker.py,1,1
2026-06-26,/Chocapikk/LFIHunt,33,31,/Chocapikk/LFIHunt/tree/main/wordlists,6,6,/Chocapikk/LFIHunt/blob/main/wordlists/big.txt,4,4,/Chocapikk/LFIHunt/tree/main/wordlists/generator,4,4,/Chocapikk/LFIHunt/blob/main/LFIHunt.py,3,3,/Chocapikk/LFIHunt/blob/main/wordlists/generator/wordlist.txt,3,3,/Chocapikk/LFIHunt/blob/main/requirements.txt,2,2,/Chocapikk/LFIHunt/tree/main,2,2,/Chocapikk/LFIHunt/tree/main/core,2,2,/Chocapikk/LFIHunt/blob/main/core/EnvironChecker.py,1,1
2026-06-27,/Chocapikk/LFIHunt,29,28,/Chocapikk/LFIHunt/tree/main/wordlists,6,6,/Chocapikk/LFIHunt/blob/main/wordlists/big.txt,4,4,/Chocapikk/LFIHunt/tree/main/wordlists/generator,4,4,/Chocapikk/LFIHunt/blob/main/LFIHunt.py,3,3,/Chocapikk/LFIHunt/blob/main/wordlists/generator/wordlist.txt,3,3,/Chocapikk/LFIHunt/tree/main/core,2,2,/Chocapikk/LFIHunt/blob/main/core/EnvironChecker.py,1,1,/Chocapikk/LFIHunt/blob/main/requirements.txt,1,1,/Chocapikk/LFIHunt/blob/main/wordlists/mini.txt,1,1
2026-06-28,/Chocapikk/LFIHunt,26,25,/Chocapikk/LFIHunt/tree/main/wordlists,8,7,/Chocapikk/LFIHunt/tree/main/wordlists/generator,5,5,/Chocapikk/LFIHunt/blob/main/LFIHunt.py,4,4,/Chocapikk/LFIHunt/blob/main/wordlists/big.txt,4,4,/Chocapikk/LFIHunt/blob/main/wordlists/generator/wordlist.txt,4,4,/Chocapikk/LFIHunt/blob/main/wordlists/mini.txt,2,2,/Chocapikk/LFIHunt/tree/main/core,2,2,/Chocapikk/LFIHunt/blob/main/core/EnvironChecker.py,1,1,/Chocapikk/LFIHunt/blob/main/requirements.txt,1,1
2026-06-29,/Chocapikk/LFIHunt,23,22,/Chocapikk/LFIHunt/tree/main/wordlists,8,7,/Chocapikk/LFIHunt/tree/main/wordlists/generator,5,5,/Chocapikk/LFIHunt/blob/main/LFIHunt.py,4,4,/Chocapikk/LFIHunt/blob/main/wordlists/big.txt,4,4,/Chocapikk/LFIHunt/blob/main/wordlists/generator/wordlist.txt,4,4,/Chocapikk/LFIHunt/blob/main/wordlists/mini.txt,2,2,/Chocapikk/LFIHunt/tree/main/core,2,2,/Chocapikk/LFIHunt/blob/main/core/EnvironChecker.py,1,1,/Chocapikk/LFIHunt/blob/main/requirements.txt,1,1
2026-06-30,/Chocapikk/LFIHunt,21,20,/Chocapikk/LFIHunt/tree/main/wordlists,8,7,/Chocapikk/LFIHunt/tree/main/wordlists/generator,5,5,/Chocapikk/LFIHunt/blob/main/LFIHunt.py,4,4,/Chocapikk/LFIHunt/blob/main/wordlists/big.txt,4,4,/Chocapikk/LFIHunt/blob/main/wordlists/generator/wordlist.txt,4,4,/Chocapikk/LFIHunt/blob/main/wordlists/mini.txt,2,2,/Chocapikk/LFIHunt/tree/main/core,2,2,/Chocapikk/LFIHunt/blob/main/core/EnvironChecker.py,1,1,/Chocapikk/LFIHunt/blob/main/requirements.txt,1,1
2026-07-01,/Chocapikk/LFIHunt,21,20,/Chocapikk/LFIHunt/tree/main/wordlists,7,6,/Chocapikk/LFIHunt/blob/main/LFIHunt.py,4,4,/Chocapikk/LFIHunt/blob/main/wordlists/big.txt,4,4,/Chocapikk/LFIHunt/tree/main/wordlists/generator,4,4,/Chocapikk/LFIHunt/blob/main/wordlists/generator/wordlist.txt,3,3,/Chocapikk/LFIHunt/blob/main/wordlists/mini.txt,2,2,/Chocapikk/LFIHunt/tree/main/core,2,2,/Chocapikk/LFIHunt/blob/main/core/EnvironChecker.py,1,1,/Chocapikk/LFIHunt/blob/main/requirements.txt,1,1
2026-07-02,/Chocapikk/LFIHunt,22,21,/Chocapikk/LFIHunt/tree/main/wordlists,7,6,/Chocapikk/LFIHunt/blob/main/LFIHunt.py,5,5,/Chocapikk/LFIHunt/blob/main/wordlists/big.txt,4,4,/Chocapikk/LFIHunt/tree/main/wordlists/generator,4,4,/Chocapikk/LFIHunt/blob/main/wordlists/generator/wordlist.txt,3,3,/Chocapikk/LFIHunt/tree/main/core,3,3,/Chocapikk/LFIHunt/blob/main/core/EnvironChecker.py,2,2,/Chocapikk/LFIHunt/blob/main/wordlists/mini.txt,2,2,/Chocapikk/LFIHunt/blob/main/core/DataChecker.py,1,1
2026-07-03,/Chocapikk/LFIHunt,20,19,/Chocapikk/LFIHunt/tree/main/wordlists,6,5,/Chocapikk/LFIHunt/blob/main/LFIHunt.py,4,4,/Chocapikk/LFIHunt/tree/main/wordlists/generator,4,4,/Chocapikk/LFIHunt/blob/main/wordlists/big.txt,3,3,/Chocapikk/LFIHunt/blob/main/wordlists/generator/wordlist.txt,3,3,/Chocapikk/LFIHunt/blob/main/wordlists/mini.txt,2,2,/Chocapikk/LFIHunt/tree/main/core,2,2,/Chocapikk/LFIHunt/blob/main/core/DataChecker.py,1,1,/Chocapikk/LFIHunt/blob/main/core/EnvironChecker.py,1,1
2026-07-04,/Chocapikk/LFIHunt,19,18,/Chocapikk/LFIHunt/tree/main/wordlists,5,4,/Chocapikk/LFIHunt/tree/main/wordlists/generator,4,4,/Chocapikk/LFIHunt/blob/main/LFIHunt.py,3,3,/Chocapikk/LFIHunt/blob/main/wordlists/generator/wordlist.txt,3,3,/Chocapikk/LFIHunt/blob/main/wordlists/big.txt,2,2,/Chocapikk/LFIHunt/blob/main/wordlists/mini.txt,2,2,/Chocapikk/LFIHunt/tree/main/core,2,2,/Chocapikk/LFIHunt/blob/main/core/DataChecker.py,1,1,/Chocapikk/LFIHunt/blob/main/core/EnvironChecker.py,1,1
2026-07-05,/Chocapikk/LFIHunt,19,18,/Chocapikk/LFIHunt/blob/main/LFIHunt.py,4,3,/Chocapikk/LFIHunt/tree/main/wordlists/generator,3,3,/Chocapikk/LFIHunt/tree/main/wordlists,3,2,/Chocapikk/LFIHunt/blob/main/scanner.py,2,2,/Chocapikk/LFIHunt/blob/main/wordlists/generator/wordlist.txt,2,2,/Chocapikk/LFIHunt/blob/main/wordlists/mini.txt,2,2,/Chocapikk/LFIHunt/blob/main/README.md,1,1,/Chocapikk/LFIHunt/blob/main/core/DataChecker.py,1,1,/Chocapikk/LFIHunt/blob/main/core/EnvironChecker.py,1,1
2026-07-06,/Chocapikk/LFIHunt,17,16,/Chocapikk/LFIHunt/blob/main/LFIHunt.py,4,3,/Chocapikk/LFIHunt/tree/main/wordlists/generator,3,3,/Chocapikk/LFIHunt/tree/main/wordlists,3,2,/Chocapikk/LFIHunt/blob/main/scanner.py,2,2,/Chocapikk/LFIHunt/blob/main/wordlists/generator/wordlist.txt,2,2,/Chocapikk/LFIHunt/blob/main/wordlists/mini.txt,2,2,/Chocapikk/LFIHunt/blob/main/README.md,1,1,/Chocapikk/LFIHunt/blob/main/core/DataChecker.py,1,1,/Chocapikk/LFIHunt/blob/main/core/EnvironChecker.py,1,1
2026-07-07,/Chocapikk/LFIHunt,14,13,/Chocapikk/LFIHunt/blob/main/LFIHunt.py,4,3,/Chocapikk/LFIHunt/blob/main/scanner.py,2,2,/Chocapikk/LFIHunt/blob/main/wordlists/generator/wordlist.txt,2,2,/Chocapikk/LFIHunt/tree/main/wordlists/generator,2,2,/Chocapikk/LFIHunt/tree/main/wordlists,2,1,/Chocapikk/LFIHunt/blob/main/README.md,1,1,/Chocapikk/LFIHunt/blob/main/core/DataChecker.py,1,1,/Chocapikk/LFIHunt/blob/main/core/EnvironChecker.py,1,1,/Chocapikk/LFIHunt/blob/main/core/PHPFilterChainGenerator.py,1,1
2026-07-08,/Chocapikk/LFIHunt,14,13,/Chocapikk/LFIHunt/blob/main/LFIHunt.py,4,3,/Chocapikk/LFIHunt/blob/main/scanner.py,2,2,/Chocapikk/LFIHunt/blob/main/wordlists/generator/wordlist.txt,2,2,/Chocapikk/LFIHunt/tree/main/wordlists/generator,2,2,/Chocapikk/LFIHunt/tree/main/wordlists,2,1,/Chocapikk/LFIHunt/blob/main/README.md,1,1,/Chocapikk/LFIHunt/blob/main/core/DataChecker.py,1,1,/Chocapikk/LFIHunt/blob/main/core/EnvironChecker.py,1,1,/Chocapikk/LFIHunt/blob/main/core/PHPFilterChainGenerator.py,1,1
2026-07-09,/Chocapikk/LFIHunt,15,14,/Chocapikk/LFIHunt/blob/main/LFIHunt.py,4,3,/Chocapikk/LFIHunt/blob/main/scanner.py,2,2,/Chocapikk/LFIHunt/blob/main/wordlists/generator/wordlist.txt,2,2,/Chocapikk/LFIHunt/tree/main/wordlists/generator,2,2,/Chocapikk/LFIHunt/tree/main/wordlists,2,1,/Chocapikk/LFIHunt/blob/main/README.md,1,1,/Chocapikk/LFIHunt/blob/main/core/DataChecker.py,1,1,/Chocapikk/LFIHunt/blob/main/core/EnvironChecker.py,1,1,/Chocapikk/LFIHunt/blob/main/core/PHPFilterChainGenerator.py,1,1
2026-07-10,/Chocapikk/LFIHunt,18,15,/Chocapikk/LFIHunt/blob/main/LFIHunt.py,4,3,/Chocapikk/LFIHunt/blob/main/scanner.py,2,2,/Chocapikk/LFIHunt/tree/main/wordlists,2,1,/Chocapikk/LFIHunt/blob/main/README.md,1,1,/Chocapikk/LFIHunt/blob/main/core/DataChecker.py,1,1,/Chocapikk/LFIHunt/blob/main/core/EnvironChecker.py,1,1,/Chocapikk/LFIHunt/blob/main/core/PHPFilterChainGenerator.py,1,1,/Chocapikk/LFIHunt/blob/main/core/PHPInputExploiter.py,1,1,/Chocapikk/LFIHunt/blob/main/requirements.txt,1,1
2026-07-11,/Chocapikk/LFIHunt,16,13,/Chocapikk/LFIHunt/blob/main/LFIHunt.py,4,3,/Chocapikk/LFIHunt/blob/main/scanner.py,2,2,/Chocapikk/LFIHunt/tree/main/wordlists,2,1,/Chocapikk/LFIHunt/blob/main/README.md,1,1,/Chocapikk/LFIHunt/blob/main/core/DataChecker.py,1,1,/Chocapikk/LFIHunt/blob/main/core/EnvironChecker.py,1,1,/Chocapikk/LFIHunt/blob/main/core/PHPFilterChainGenerator.py,1,1,/Chocapikk/LFIHunt/blob/main/core/PHPInputExploiter.py,1,1,/Chocapikk/LFIHunt/blob/main/requirements.txt,1,1
2026-07-12,/Chocapikk/LFIHunt,17,14,/Chocapikk/LFIHunt/blob/main/LFIHunt.py,3,2,/Chocapikk/LFIHunt/blob/main/scanner.py,2,2,/Chocapikk/LFIHunt/blob/main/README.md,1,1,/Chocapikk/LFIHunt/blob/main/core/DataChecker.py,1,1,/Chocapikk/LFIHunt/blob/main/core/EnvironChecker.py,1,1,/Chocapikk/LFIHunt/blob/main/core/PHPFilterChainGenerator.py,1,1,/Chocapikk/LFIHunt/blob/main/core/PHPInputExploiter.py,1,1,/Chocapikk/LFIHunt/blob/main/requirements.txt,1,1,/Chocapikk/LFIHunt/issues,1,1
2026-07-13,/Chocapikk/LFIHunt,17,14,/Chocapikk/LFIHunt/blob/main/LFIHunt.py,3,2,/Chocapikk/LFIHunt/blob/main/scanner.py,2,2,/Chocapikk/LFIHunt/blob/main/README.md,1,1,/Chocapikk/LFIHunt/blob/main/core/DataChecker.py,1,1,/Chocapikk/LFIHunt/blob/main/core/EnvironChecker.py,1,1,/Chocapikk/LFIHunt/blob/main/core/PHPFilterChainGenerator.py,1,1,/Chocapikk/LFIHunt/blob/main/core/PHPInputExploiter.py,1,1,/Chocapikk/LFIHunt/blob/main/requirements.txt,1,1,/Chocapikk/LFIHunt/issues,1,1
2026-07-14,/Chocapikk/LFIHunt,18,15,/Chocapikk/LFIHunt/blob/main/LFIHunt.py,3,2,/Chocapikk/LFIHunt/blob/main/scanner.py,2,2,/Chocapikk/LFIHunt/blob/main/README.md,1,1,/Chocapikk/LFIHunt/blob/main/core/DataChecker.py,1,1,/Chocapikk/LFIHunt/blob/main/core/EnvironChecker.py,1,1,/Chocapikk/LFIHunt/blob/main/core/PHPFilterChainGenerator.py,1,1,/Chocapikk/LFIHunt/blob/main/core/PHPInputExploiter.py,1,1,/Chocapikk/LFIHunt/blob/main/requirements.txt,1,1,/Chocapikk/LFIHunt/issues,1,1
2026-07-15,/Chocapikk/LFIHunt,19,16,/Chocapikk/LFIHunt/blob/main/LFIHunt.py,3,2,/Chocapikk/LFIHunt/blob/main/scanner.py,2,2,/Chocapikk/LFIHunt/blob/main/README.md,1,1,/Chocapikk/LFIHunt/blob/main/core/DataChecker.py,1,1,/Chocapikk/LFIHunt/blob/main/core/EnvironChecker.py,1,1,/Chocapikk/LFIHunt/blob/main/core/PHPFilterChainGenerator.py,1,1,/Chocapikk/LFIHunt/blob/main/core/PHPInputExploiter.py,1,1,/Chocapikk/LFIHunt/blob/main/requirements.txt,1,1,/Chocapikk/LFIHunt/issues,1,1
2026-07-16,/Chocapikk/LFIHunt,18,14,/Chocapikk/LFIHunt/blob/main/LFIHunt.py,2,1,/Chocapikk/LFIHunt/blob/main/README.md,1,1,/Chocapikk/LFIHunt/blob/main/requirements.txt,1,1,/Chocapikk/LFIHunt/blob/main/scanner.py,1,1,/Chocapikk/LFIHunt/issues,1,1,/Chocapikk/LFIHunt/tree/main/wordlists,1,1,,,,,,,,,
2026-07-17,/Chocapikk/LFIHunt,18,14,/Chocapikk/LFIHunt/blob/main/LFIHunt.py,2,1,/Chocapikk/LFIHunt/blob/main/README.md,1,1,/Chocapikk/LFIHunt/blob/main/requirements.txt,1,1,/Chocapikk/LFIHunt/blob/main/scanner.py,1,1,/Chocapikk/LFIHunt/issues,1,1,/Chocapikk/LFIHunt/tree/main/wordlists,1,1,,,,,,,,,
